"","currency","year","values"
"1","ALL",2023,107.26
"2","AUD",2023,1.6157
"3","BAM",2023,1.95583
"4","BGN",2023,1.9558
"5","BRL",2023,5.2695
"6","CAD",2023,1.4414
"7","CHF",2023,0.9764
"8","CNY",2023,7.7653
"9","CZK",2023,23.695
"10","DKK",2023,7.4492
"11","GBP",2023,0.85861
"12","HKD",2023,8.4899
"13","HUF",2023,370.6
"14","IDR",2023,16194.88
"15","ILS",2023,3.9502
"16","INR",2023,89.1134
"17","ISK",2023,149.35
"18","JPY",2023,153.15
"19","KRW",2023,1406.43
"20","MKD",2023,61.5486
"21","MXN",2023,18.6993
"22","MYR",2023,5.0208
"23","NOK",2023,11.7164
"24","NZD",2023,1.7686
"25","PHP",2023,60.475
"26","PLN",2023,4.4608
"27","RON",2023,4.96
"28","RSD",2023,117.2731
"29","SEK",2023,11.6766
"30","SGD",2023,1.4596
"31","THB",2023,37.8519
"32","TRY",2023,25.7697
"33","USD",2023,1.084
"34","ZAR",2023,20.3033
"35","ALL",2022,119.8
"36","AUD",2022,1.5044
"37","BAM",2022,1.95583
"38","BGN",2022,1.9558
"39","BRL",2022,5.3209
"40","CAD",2022,1.3537
"41","CHF",2022,1.0245
"42","CNY",2022,7.0734
"43","CZK",2022,24.719
"44","DKK",2022,7.4392
"45","GBP",2022,0.85759
"46","HKD",2022,8.2922
"47","HUF",2022,396.66
"48","IDR",2022,15531.74
"49","ILS",2022,3.6038
"50","INR",2022,82.5112
"51","ISK",2022,138.47
"52","JPY",2022,141.57
"53","KRW",2022,1351.47
"54","MKD",2022,61.6951
"55","MXN",2022,21.124
"56","MYR",2022,4.6496
"57","NOK",2022,10.2971
"58","NZD",2022,1.664
"59","PHP",2022,56.756
"60","PLN",2022,4.6471
"61","RON",2022,4.9444
"62","RSD",2022,117.4297
"63","SEK",2022,10.6005
"64","SGD",2022,1.4624
"65","THB",2022,36.9277
"66","TRY",2022,17.9598
"67","USD",2022,1.0566
"68","ZAR",2022,16.6961
"69","ALL",2021,122.83
"70","AUD",2021,1.5761
"71","BAM",2021,1.95583
"72","BGN",2021,1.9558
"73","BRL",2021,6.0693
"74","CAD",2021,1.4713
"75","CHF",2021,1.094
"76","CNY",2021,7.7391
"77","CZK",2021,25.454
"78","DKK",2021,7.4364
"79","GBP",2021,0.85872
"80","HKD",2021,9.3507
"81","HUF",2021,349.94
"82","IDR",2021,17295.86
"83","ILS",2021,3.9179
"84","INR",2021,88.6298
"85","ISK",2021,146.84
"86","JPY",2021,132.63
"87","KRW",2021,1352.47
"88","MKD",2021,61.6837
"89","MXN",2021,24.1066
"90","MYR",2021,4.9808
"91","NOK",2021,10.1444
"92","NZD",2021,1.6944
"93","PHP",2021,58.04
"94","PLN",2021,4.5005
"95","RON",2021,4.9238
"96","RSD",2021,117.5703
"97","RUB",2021,87.4561
"98","SEK",2021,10.1172
"99","SGD",2021,1.6062
"100","THB",2021,37.8733
"101","TRY",2021,10.3823
"102","USD",2021,1.2047
"103","ZAR",2021,16.754
"104","ALL",2020,124.22
"105","AUD",2020,1.6322
"106","BAM",2020,1.95583
"107","BGN",2020,1.9558
"108","BRL",2020,5.8377
"109","CAD",2020,1.5254
"110","CHF",2020,1.0712
"111","CNY",2020,7.9734
"112","CZK",2020,26.681
"113","DKK",2020,7.4548
"114","GBP",2020,0.89878
"115","HKD",2020,8.7226
"116","HUF",2020,347.69
"117","IDR",2020,15987.12
"118","ILS",2020,3.8893
"119","INR",2020,85.2212
"120","ISK",2020,152.71
"121","JPY",2020,121.12
"122","KRW",2020,1358.75
"123","MKD",2020,61.6955
"124","MXN",2020,25.0828
"125","MYR",2020,4.8118
"126","NOK",2020,10.7298
"127","NZD",2020,1.7473
"128","PHP",2020,56.333
"129","PLN",2020,4.445
"130","RON",2020,4.8392
"131","RSD",2020,117.5852
"132","RUB",2020,78.0103
"133","SEK",2020,10.4869
"134","SGD",2020,1.5686
"135","THB",2020,35.077
"136","TRY",2020,7.6807
"137","USD",2020,1.1255
"138","ZAR",2020,19.2726
"139","ALL",2019,122
"140","AUD",2019,1.6264
"141","BAM",2019,1.95583
"142","BGN",2019,1.9558
"143","BRL",2019,4.36
"144","CAD",2019,1.5011
"145","CHF",2019,1.1167
"146","CNY",2019,7.7937
"147","CZK",2019,25.605
"148","DKK",2019,7.4669
"149","GBP",2019,0.89107
"150","HKD",2019,8.8383
"151","HUF",2019,322.56
"152","IDR",2019,16060.27
"153","ILS",2019,4.0624
"154","INR",2019,78.4078
"155","ISK",2019,140.82
"156","JPY",2019,122.08
"157","KRW",2019,1325.28
"158","MKD",2019,61.5011
"159","MXN",2019,21.7827
"160","MYR",2019,4.6968
"161","NOK",2019,9.7465
"162","NZD",2019,1.7119
"163","PHP",2019,58.425
"164","PLN",2019,4.2635
"165","RON",2019,4.725
"166","RSD",2019,117.9377
"167","RUB",2019,72.4028
"168","SEK",2019,10.6263
"169","SGD",2019,1.539
"170","THB",2019,35.1386
"171","TRY",2019,6.5619
"172","USD",2019,1.1293
"173","ZAR",2019,16.4749
"174","ALL",2018,125.95
"175","AUD",2018,1.5579
"176","BAM",2018,1.95583
"177","BGN",2018,1.9558
"178","BRL",2018,4.4049
"179","CAD",2018,1.5327
"180","CHF",2018,1.1562
"181","CNY",2018,7.5512
"182","CZK",2018,25.778
"183","DKK",2018,7.4493
"184","GBP",2018,0.87886
"185","HKD",2018,9.1642
"186","HUF",2018,322.7
"187","IDR",2018,16393.39
"188","ILS",2018,4.2096
"189","INR",2018,79.1601
"190","ISK",2018,124.76
"191","JPY",2018,128.53
"192","KRW",2018,1277.93
"193","MKD",2018,61.5018
"194","MXN",2018,23.7134
"195","MYR",2018,4.6717
"196","NOK",2018,9.4746
"197","NZD",2018,1.6822
"198","PHP",2018,62.038
"199","PLN",2018,4.3038
"200","RON",2018,4.6623
"201","RSD",2018,118.1348
"202","RUB",2018,73.2934
"203","SEK",2018,10.2788
"204","SGD",2018,1.5737
"205","THB",2018,37.9301
"206","TRY",2018,5.4073
"207","USD",2018,1.1678
"208","ZAR",2018,15.5262
"209","ALL",2017,133.21
"210","AUD",2017,1.4861
"211","BAM",2017,1.95583
"212","BGN",2017,1.9558
"213","BRL",2017,3.6948
"214","CAD",2017,1.4941
"215","CHF",2017,1.0874
"216","CNY",2017,7.6459
"217","CZK",2017,26.264
"218","DKK",2017,7.4376
"219","GBP",2017,0.87724
"220","HKD",2017,8.7578
"221","HUF",2017,308.28
"222","IDR",2017,14940.12
"223","ILS",2017,3.9658
"224","INR",2017,72.3798
"225","ISK",2017,113.84
"226","JPY",2017,124.58
"227","KRW",2017,1271.29
"228","MKD",2017,61.6931
"229","MXN",2017,20.3786
"230","MYR",2017,4.8045
"231","NOK",2017,9.4992
"232","NZD",2017,1.5544
"233","PHP",2017,56.045
"234","PLN",2017,4.2113
"235","RON",2017,4.5721
"236","RSD",2017,122.0189
"237","RUB",2017,65.1136
"238","SEK",2017,9.7538
"239","SGD",2017,1.5541
"240","THB",2017,38.181
"241","TRY",2017,3.9554
"242","USD",2017,1.1229
"243","ZAR",2017,14.5025
"244","ALL",2016,137.92
"245","AUD",2016,1.5173
"246","BAM",2016,1.95583
"247","BGN",2016,1.9558
"248","BRL",2016,3.857
"249","CAD",2016,1.4477
"250","CHF",2016,1.0893
"251","CNY",2016,7.4023
"252","CZK",2016,27.061
"253","DKK",2016,7.4371
"254","GBP",2016,0.79049
"255","HKD",2016,8.7162
"256","HUF",2016,313.98
"257","IDR",2016,14969.03
"258","ILS",2016,4.3323
"259","INR",2016,75.5592
"260","ISK",2016,138.55
"261","JPY",2016,118.45
"262","KRW",2016,1310.59
"263","MKD",2016,61.6942
"264","MXN",2016,20.943
"265","MYR",2016,4.576
"266","NOK",2016,9.3278
"267","NZD",2016,1.5955
"268","PHP",2016,52.172
"269","PLN",2016,4.3996
"270","RON",2016,4.523
"271","RSD",2016,123.4
"272","RUB",2016,73.1466
"273","SEK",2016,9.3338
"274","SGD",2016,1.5205
"275","THB",2016,39.6238
"276","TRY",2016,3.2737
"277","USD",2016,1.1229
"278","ZAR",2016,16.9371
"279","ALL",2015,140.82
"280","AUD",2015,1.453
"281","BAM",2015,1.95583
"282","BGN",2015,1.9558
"283","BRL",2015,3.4941
"284","CAD",2015,1.3854
"285","CHF",2015,1.0455
"286","CNY",2015,6.9587
"287","CZK",2015,27.307
"288","DKK",2015,7.4603
"289","GBP",2015,0.72078
"290","HKD",2015,8.6935
"291","HUF",2015,311.96
"292","IDR",2015,14919.43
"293","ILS",2015,4.2891
"294","INR",2015,71.5873
"295","ISK",2015,148.3
"296","JPY",2015,138.74
"297","KRW",2015,1248.79
"298","MKD",2015,61.6948
"299","MXN",2015,17.3467
"300","MYR",2015,4.1949
"301","NOK",2015,8.755
"302","NZD",2015,1.6046
"303","PHP",2015,50.508
"304","PLN",2015,4.1586
"305","RON",2015,4.4671
"306","RSD",2015,120.5552
"307","RUB",2015,61.239
"308","SEK",2015,9.2722
"309","SGD",2015,1.5091
"310","THB",2015,37.8177
"311","TRY",2015,3.0299
"312","USD",2015,1.1213
"313","ZAR",2015,13.7965
"314","ALL",2014,140.13
"315","AUD",2014,1.4517
"316","BAM",2014,1.95583
"317","BGN",2014,1.9558
"318","BRL",2014,3.0388
"319","CAD",2014,1.4728
"320","CHF",2014,1.2181
"321","CNY",2014,8.4698
"322","CZK",2014,27.45
"323","DKK",2014,7.4588
"324","GBP",2014,0.80409
"325","HKD",2014,10.5365
"326","HUF",2014,305.87
"327","IDR",2014,16167.87
"328","ILS",2014,4.6966
"329","INR",2014,81.2046
"330","ISK",2014,154.56
"331","JPY",2014,138.72
"332","KRW",2014,1385.45
"333","MKD",2014,61.6829
"334","MXN",2014,17.6516
"335","MYR",2014,4.376
"336","NOK",2014,8.2149
"337","NZD",2014,1.5769
"338","PHP",2014,59.543
"339","PLN",2014,4.1352
"340","RON",2014,4.393
"341","RSD",2014,115.5341
"342","RUB",2014,46.7509
"343","SEK",2014,9.0914
"344","SGD",2014,1.7008
"345","THB",2014,44.1945
"346","TRY",2014,2.8808
"347","USD",2014,1.3592
"348","ZAR",2014,14.5094
"349","ALL",2013,140.96
"350","AUD",2013,1.3978
"351","BAM",2013,1.95583
"352","BGN",2013,1.9558
"353","BRL",2013,2.8613
"354","CAD",2013,1.3596
"355","CHF",2013,1.2322
"356","CNY",2013,8.0905
"357","CZK",2013,25.759
"358","DKK",2013,7.4576
"359","GBP",2013,0.85191
"360","HKD",2013,10.2349
"361","HUF",2013,295.7
"362","IDR",2013,13033.31
"363","ILS",2013,4.7865
"364","INR",2013,77.0284
"365","ISK",2013,160.59
"366","JPY",2013,128.39
"367","KRW",2013,1498.33
"368","MKD",2013,61.6686
"369","MXN",2013,17.0716
"370","MYR",2013,4.1488
"371","NOK",2013,7.7394
"372","NZD",2013,1.6682
"373","PHP",2013,56.658
"374","PLN",2013,4.2839
"375","RON",2013,4.4803
"376","RSD",2013,114.0235
"377","RUB",2013,42.649
"378","SEK",2013,8.6836
"379","SGD",2013,1.6613
"380","THB",2013,40.6636
"381","TRY",2013,2.5028
"382","USD",2013,1.3189
"383","ZAR",2013,13.2088
"384","ALL",2012,138.51
"385","AUD",2012,1.255
"386","BAM",2012,1.95583
"387","BGN",2012,1.9558
"388","BRL",2012,2.5658
"389","CAD",2012,1.2874
"390","CHF",2012,1.2011
"391","CNY",2012,7.9676
"392","CZK",2012,25.64
"393","DKK",2012,7.4325
"394","GBP",2012,0.80579
"395","HKD",2012,9.7192
"396","HUF",2012,293.57
"397","IDR",2012,11830.22
"398","ILS",2012,4.8763
"399","INR",2012,70.1673
"400","ISK",2012,159.83
"401","JPY",2012,99.26
"402","KRW",2012,1458.61
"403","MKD",2012,61.6096
"404","MXN",2012,17.4529
"405","MYR",2012,3.9836
"406","NOK",2012,7.5401
"407","NZD",2012,1.6062
"408","PHP",2012,53.51
"409","PLN",2012,4.2973
"410","RON",2012,4.4626
"411","RSD",2012,115.7713
"412","RUB",2012,41.1766
"413","SEK",2012,8.8743
"414","SGD",2012,1.6016
"415","THB",2012,39.6402
"416","TRY",2012,2.2837
"417","USD",2012,1.2526
"418","ZAR",2012,10.505
"419","ALL",2011,141.97
"420","AUD",2011,1.3567
"421","BAM",2011,1.95583
"422","BGN",2011,1.9558
"423","BRL",2011,2.285
"424","CAD",2011,1.4063
"425","CHF",2011,1.2092
"426","CNY",2011,9.3161
"427","CZK",2011,24.286
"428","DKK",2011,7.4579
"429","GBP",2011,0.88745
"430","HKD",2011,11.2021
"431","HUF",2011,266.87
"432","IDR",2011,12327.02
"433","ILS",2011,4.9169
"434","INR",2011,64.52
"435","ISK",2011,165.59
"436","JPY",2011,115.75
"437","KRW",2011,1555.32
"438","MKD",2011,61.6082
"439","MXN",2011,16.9931
"440","MYR",2011,4.3585
"441","NOK",2011,7.8302
"442","NZD",2011,1.7666
"443","PHP",2011,62.468
"444","PLN",2011,3.9702
"445","RON",2011,4.1937
"446","RSD",2011,99.796
"447","RUB",2011,40.267
"448","SEK",2011,9.1125
"449","SGD",2011,1.7763
"450","THB",2011,43.9232
"451","TRY",2011,2.3077
"452","USD",2011,1.4388
"453","ZAR",2011,9.7807
"454","ALL",2010,136.65
"455","AUD",2010,1.4315
"456","BAM",2010,1.95583
"457","BGN",2010,1.9558
"458","BRL",2010,2.2057
"459","CAD",2010,1.2674
"460","CHF",2010,1.3767
"461","CNY",2010,8.3245
"462","CZK",2010,25.78
"463","DKK",2010,7.4409
"464","GBP",2010,0.82771
"465","HKD",2010,9.5091
"466","HUF",2010,281.49
"467","IDR",2010,11169.39
"468","ILS",2010,4.7048
"469","INR",2010,56.8582
"470","ISK",2010,156.95
"471","JPY",2010,110.99
"472","KRW",2010,1483.22
"473","MKD",2010,61.5102
"474","MXN",2010,15.5346
"475","MYR",2010,3.9853
"476","NOK",2010,7.9062
"477","NZD",2010,1.7667
"478","PHP",2010,56.594
"479","PLN",2010,4.1055
"480","RON",2010,4.2434
"481","RSD",2010,103.5079
"482","RUB",2010,38.1507
"483","SEK",2010,9.5723
"484","SGD",2010,1.7081
"485","THB",2010,39.6355
"486","TRY",2010,1.9274
"487","USD",2010,1.2209
"488","ZAR",2010,9.3398
"489","ALL",2009,131.16
"490","AUD",2009,1.7463
"491","BAM",2009,1.95583
"492","BGN",2009,1.9558
"493","BRL",2009,2.7391
"494","CAD",2009,1.5761
"495","CHF",2009,1.5148
"496","CNY",2009,9.5786
"497","CZK",2009,26.545
"498","DKK",2009,7.4457
"499","GBP",2009,0.8567
"500","HKD",2009,10.8638
"501","HUF",2009,280.46
"502","IDR",2009,14315.4
"503","ILS",2009,5.526
"504","INR",2009,66.9191
"505","ISK",2009,177.56
"506","JPY",2009,135.39
"507","KRW",2009,1768.8
"508","MKD",2009,61.2715
"509","MXN",2009,18.6813
"510","MYR",2009,4.9305
"511","NOK",2009,8.9388
"512","NZD",2009,2.1967
"513","PHP",2009,67.036
"514","PLN",2009,4.5084
"515","RON",2009,4.2131
"516","RSD",2009,93.7408
"517","RUB",2009,43.5552
"518","SEK",2009,10.8713
"519","SGD",2009,2.0357
"520","THB",2009,47.8435
"521","TRY",2009,2.1675
"522","USD",2009,1.4016
"523","ZAR",2009,11.2718
"524","ALL",2008,122.03
"525","AUD",2008,1.6343
"526","BAM",2008,1.95583
"527","BGN",2008,1.9558
"528","BRL",2008,2.5185
"529","CAD",2008,1.5803
"530","CHF",2008,1.6139
"531","CNY",2008,10.7287
"532","CZK",2008,24.316
"533","DKK",2008,7.4586
"534","GBP",2008,0.79152
"535","HKD",2008,12.1425
"536","HUF",2008,242.42
"537","IDR",2008,14445.41
"538","ILS",2008,5.2276
"539","INR",2008,66.5632
"540","ISK",2008,123.28
"541","JPY",2008,166.26
"542","KRW",2008,1604.95
"543","MKD",2008,61.1721
"544","MXN",2008,16.0617
"545","MYR",2008,5.0666
"546","NOK",2008,7.9915
"547","NZD",2008,2.0424
"548","PHP",2008,68.903
"549","PLN",2008,3.3736
"550","RON",2008,3.6556
"551","RSD",2008,80.246
"552","RUB",2008,36.7723
"553","SEK",2008,9.3739
"554","SGD",2008,2.1278
"555","THB",2008,51.6487
"556","TRY",2008,1.9206
"557","USD",2008,1.5553
"558","ZAR",2008,12.3467
"559","ALL",2007,123.06
"560","AUD",2007,1.593
"561","BAM",2007,1.95583
"562","BGN",2007,1.9558
"563","BRL",2007,2.5934
"564","CAD",2007,1.4293
"565","CHF",2007,1.6543
"566","CNY",2007,10.2415
"567","CZK",2007,28.546
"568","DKK",2007,7.4452
"569","GBP",2007,0.67562
"570","HKD",2007,10.4854
"571","HUF",2007,250.29
"572","IDR",2007,12056.3
"573","ILS",2007,5.6119
"574","INR",2007,54.595
"575","ISK",2007,84.26
"576","JPY",2007,164.55
"577","KRW",2007,1245.39
"578","MKD",2007,61.1764
"579","MXN",2007,14.5434
"580","MYR",2007,4.6237
"581","NOK",2007,8.059
"582","NZD",2007,1.7738
"583","PHP",2007,61.968
"584","PLN",2007,3.8074
"585","RON",2007,3.2243
"586","RSD",2007,81.1665
"587","RUB",2007,34.7739
"588","SEK",2007,9.329
"589","SGD",2007,2.0619
"590","THB",2007,43.4918
"591","TRY",2007,1.7728
"592","USD",2007,1.3419
"593","ZAR",2007,9.6198
"594","ALL",2006,123.09
"595","AUD",2006,1.7104
"596","BAM",2006,1.95583
"597","BGN",2006,1.9558
"598","BRL",2006,2.8508
"599","CAD",2006,1.4089
"600","CHF",2006,1.5601
"601","CNY",2006,10.1285
"602","CZK",2006,28.386
"603","DKK",2006,7.4566
"604","GBP",2006,0.68666
"605","HKD",2006,9.821
"606","HUF",2006,272.39
"607","IDR",2006,11850.97
"608","ILS",2006,5.6615
"609","INR",2006,58.1437
"610","ISK",2006,94.38
"611","JPY",2006,145.11
"612","KRW",2006,1207.64
"613","MKD",2006,61.1683
"614","MXN",2006,14.4093
"615","MYR",2006,4.6364
"616","NOK",2006,7.8559
"617","NZD",2006,2.0462
"618","PHP",2006,67.259
"619","PLN",2006,4.0261
"620","RON",2006,3.5501
"621","RSD",2006,86.7609
"622","RUB",2006,34.1587
"623","SEK",2006,9.2349
"624","SGD",2006,2.0129
"625","THB",2006,48.5415
"626","TRY",2006,2.0258
"627","USD",2006,1.265
"628","ZAR",2006,8.8431
"629","ALL",2005,123.64
"630","AUD",2005,1.5875
"631","BAM",2005,1.95583
"632","BGN",2005,1.9558
"633","BRL",2005,2.9393
"634","CAD",2005,1.5111
"635","CHF",2005,1.5391
"636","CNY",2005,10.0683
"637","CZK",2005,30.034
"638","DKK",2005,7.4448
"639","GBP",2005,0.66895
"640","HKD",2005,9.4597
"641","HUF",2005,249.04
"642","IDR",2005,11716.31
"643","ILS",2005,5.452
"644","INR",2005,52.9916
"645","ISK",2005,79.3
"646","JPY",2005,132.22
"647","KRW",2005,1231.12
"648","MKD",2005,61.3205
"649","MXN",2005,13.1698
"650","MYR",2005,4.6234
"651","NOK",2005,7.8932
"652","NZD",2005,1.7175
"653","PHP",2005,67.214
"654","PLN",2005,4.0606
"655","RON",2005,3.6136
"656","RSD",2005,82.5172
"657","RUB",2005,34.6951
"658","SEK",2005,9.2628
"659","SGD",2005,2.0342
"660","THB",2005,49.7935
"661","TRY",2005,1.656
"662","USD",2005,1.2165
"663","ZAR",2005,8.2194
"664","ALL",2004,124.84
"665","AUD",2004,1.7483
"666","BAM",2004,1.95583
"667","BGN",2004,1.9547
"668","BRL",2004,3.8039
"669","CAD",2004,1.6492
"670","CHF",2004,1.5192
"671","CNY",2004,10.0529
"672","CZK",2004,31.614
"673","DKK",2004,7.4342
"674","GBP",2004,0.66428
"675","HKD",2004,9.4648
"676","HUF",2004,253.02
"677","IDR",2004,11399.32
"678","ILS",2004,5.4858
"679","INR",2004,55.2072
"680","ISK",2004,87.55
"681","JPY",2004,132.86
"682","KRW",2004,1406.18
"683","MKD",2004,61.3099
"684","MXN",2004,13.8211
"685","MYR",2004,4.6127
"686","NOK",2004,8.2856
"687","NZD",2004,1.9301
"688","PHP",2004,67.984
"689","PLN",2004,4.5906
"690","RON",2004,4.0753
"691","RSD",2004,71.5535
"692","RUB",2004,35.2408
"693","SEK",2004,9.143
"694","SGD",2004,2.0791
"695","THB",2004,49.5333
"696","TRY",2004,1.8143
"697","USD",2004,1.2138
"698","ZAR",2004,7.811
"699","ALL",2003,138.87
"700","AUD",2003,1.7552
"701","BAM",2003,1.95583
"702","BGN",2003,1.9463
"703","BRL",2003,3.3661
"704","CAD",2003,1.5798
"705","CHF",2003,1.5411
"706","CNY",2003,9.6533
"707","CZK",2003,31.412
"708","DKK",2003,7.425
"709","GBP",2003,0.70224
"710","HKD",2003,9.0955
"711","HUF",2003,261.21
"712","IDR",2003,9591.92
"713","ILS",2003,5.111
"714","INR",2003,54.4281
"715","ISK",2003,86.25
"716","JPY",2003,138.05
"717","KRW",2003,1392.33
"718","MKD",2003,61.3339
"719","MXN",2003,12.256
"720","MYR",2003,4.4311
"721","NOK",2003,8.1619
"722","NZD",2003,2.0069
"723","PHP",2003,62.239
"724","PLN",2003,4.4339
"725","RON",2003,3.8059
"726","RSD",2003,65.1791
"727","RUB",2003,35.53
"728","SEK",2003,9.1182
"729","SGD",2003,2.0233
"730","THB",2003,48.5805
"731","TRY",2003,1.664
"732","USD",2003,1.1663
"733","ZAR",2003,9.216
"734","ALL",2002,136.4
"735","AUD",2002,1.6793
"736","BAM",2002,1.95583
"737","BGN",2002,1.9488
"738","BRL",2002,2.588
"739","CAD",2002,1.4627
"740","CHF",2002,1.4721
"741","CNY",2002,7.9082
"742","CZK",2002,30.3
"743","DKK",2002,7.433
"744","GBP",2002,0.64405
"745","HKD",2002,7.4523
"746","HUF",2002,242.71
"747","IDR",2002,8325.26
"748","ILS",2002,4.7167
"749","INR",2002,46.7658
"750","ISK",2002,85.28
"751","JPY",2002,117.8
"752","KRW",2002,1160.62
"753","MKD",2002,60.9624
"754","MXN",2002,9.3367
"755","MYR",2002,3.6314
"756","NOK",2002,7.4043
"757","NZD",2002,1.9517
"758","PHP",2002,48.2
"759","PLN",2002,3.8502
"760","RON",2002,3.1908
"761","RSD",2002,60.5774
"762","RUB",2002,30.0507
"763","SEK",2002,9.1136
"764","SGD",2002,1.7029
"765","THB",2002,40.2656
"766","TRY",2002,1.4689
"767","USD",2002,0.9554
"768","ZAR",2002,9.7239
"769","ALL",2001,126.82
"770","AUD",2001,1.6469
"771","BAM",2001,1.95583
"772","BGN",2001,1.947
"773","BRL",2001,2.0302
"774","CAD",2001,1.3016
"775","CHF",2001,1.5225
"776","CNY",2001,7.0617
"777","CZK",2001,33.954
"778","DKK",2001,7.4539
"779","GBP",2001,0.6089
"780","HKD",2001,6.6542
"781","HUF",2001,247.25
"782","IDR",2001,9656.67
"783","ILS",2001,3.5513
"784","INR",2001,40.1022
"785","ISK",2001,89.36
"786","JPY",2001,104.3
"787","KRW",2001,1104.12
"788","MKD",2001,60.9458
"789","MXN",2001,7.758
"790","MYR",2001,3.2428
"791","NOK",2001,7.936
"792","NZD",2001,2.0589
"793","PHP",2001,43.99
"794","PLN",2001,3.3876
"795","RON",2001,2.4705
"796","RSD",2001,59.5414
"797","RUB",2001,24.8784
"798","SEK",2001,9.2106
"799","SGD",2001,1.5497
"800","THB",2001,38.6264
"801","TRY",2001,1.0381
"802","USD",2001,0.8532
"803","ZAR",2001,6.8718
"804","ALL",2000,133.84
"805","AUD",2000,1.5968
"806","BAM",2000,1.95583
"807","BGN",2000,1.9558
"808","BRL",2000,1.7182
"809","CAD",2000,1.4018
"810","CHF",2000,1.5608
"811","CNY",2000,7.8563
"812","CZK",2000,35.974
"813","DKK",2000,7.4607
"814","GBP",2000,0.62927
"815","HKD",2000,7.399
"816","HUF",2000,259.73
"817","IDR",2000,8173.68
"818","ILS",2000,3.8995
"819","INR",2000,42.4088
"820","ISK",2000,72.26
"821","JPY",2000,100.71
"822","KRW",2000,1061.08
"823","MKD",2000,60.7413
"824","MXN",2000,9.3298
"825","MYR",2000,3.6078
"826","NOK",2000,8.249
"827","NZD",2000,2.0174
"828","PHP",2000,40.522
"829","PLN",2000,4.1731
"830","RON",2000,1.9966
"831","RSD",2000,11.735
"832","RUB",2000,26.8087
"833","SEK",2000,8.3177
"834","SGD",2000,1.6407
"835","THB",2000,37.093
"836","TRY",2000,0.5845
"837","USD",2000,0.9492
"838","ZAR",2000,6.5691
"839","ALL",1999,142.57
"840","AUD",1999,1.5805
"841","BAM",1999,1.95583
"842","BGN",1999,1.9558
"843","CAD",1999,1.5244
"844","CHF",1999,1.5951
"845","CZK",1999,37.094
"846","DKK",1999,7.4314
"847","GBP",1999,0.65025
"848","HKD",1999,8.051
"849","HUF",1999,249.35
"850","IDR",1999,7631.36
"851","ISK",1999,77.16
"852","JPY",1999,125.32
"853","KRW",1999,1212.62
"854","MKD",1999,60.6399
"855","MXN",1999,9.8782
"856","MYR",1999,3.9438
"857","NOK",1999,8.1676
"858","NZD",1999,1.9479
"859","PHP",1999,39.324
"860","PLN",1999,4.0939
"861","RON",1999,1.6364
"862","RSD",1999,11.735
"863","RUB",1999,25.3653
"864","SEK",1999,8.8284
"865","SGD",1999,1.7755
"866","THB",1999,38.3099
"867","TRY",1999,0.4303
"868","USD",1999,1.0378
"869","ZAR",1999,6.3225
"870","ALL",1998,168.93
"871","AUD",1998,1.8243
"872","BGN",1998,1.9735
"873","CAD",1998,1.6134
"874","CHF",1998,1.6454
"875","CZK",1998,36.657
"876","DKK",1998,7.5167
"877","GBP",1998,0.66696
"878","HUF",1998,237.77
"879","JPY",1998,154.35
"880","KRW",1998,1537.27
"881","MKD",1998,61.1126
"882","NOK",1998,8.3427
"883","NZD",1998,2.1514
"884","PLN",1998,3.8278
"885","RON",1998,0.9441
"886","RSD",1998,11.8395
"887","SEK",1998,8.7125
"888","TRY",1998,0.2877
"889","USD",1998,1.1014
"890","ZAR",1998,5.928
"891","ALL",1997,203.64
"892","AUD",1997,1.5077
"893","BGN",1997,1.8878
"894","CAD",1997,1.5734
"895","CHF",1997,1.6393
"896","CZK",1997,36.799
"897","DKK",1997,7.4755
"898","GBP",1997,0.69126
"899","HUF",1997,210.32
"900","JPY",1997,129.9
"901","MKD",1997,52.021
"902","NOK",1997,8.2043
"903","NZD",1997,1.6533
"904","PLN",1997,3.681
"905","RON",1997,0.8149
"906","RSD",1997,6.478
"907","SEK",1997,8.8084
"908","TRY",1997,0.1639
"909","USD",1997,1.1366
"910","ZAR",1997,5.1144
"911","ALL",1996,137.86
"912","AUD",1996,1.5829
"913","BGN",1996,0.1771
"914","CAD",1996,1.7112
"915","CHF",1996,1.5745
"916","CZK",1996,34.814
"917","DKK",1996,7.3791
"918","GBP",1996,0.81253
"919","HUF",1996,191.43
"920","JPY",1996,136.39
"921","MKD",1996,50.2948
"922","NOK",1996,8.1851
"923","NZD",1996,1.8524
"924","PLN",1996,3.4011
"925","RON",1996,0.3748
"926","RSD",1996,6.3148
"927","SEK",1996,8.3707
"928","TRY",1996,0.1
"929","USD",1996,1.2529
"930","ZAR",1996,5.4526
"931","ALL",1995,122.53
"932","AUD",1995,1.849
"933","BGN",1995,0.088
"934","CAD",1995,1.8338
"935","CHF",1995,1.5416
"936","CZK",1995,34.797
"937","DKK",1995,7.2784
"938","GBP",1995,0.83475
"939","HUF",1995,167.13
"940","JPY",1995,112.59
"941","MKD",1995,48.8559
"942","NOK",1995,8.2984
"943","NZD",1995,1.9879
"944","PLN",1995,3.1217
"945","RSD",1995,1.8647
"946","SEK",1995,9.6637
"947","TRY",1995,0.0576
"948","USD",1995,1.3314
"949","ZAR",1995,4.8731
"950","AUD",1994,1.6131
"951","CAD",1994,1.6373
"952","CHF",1994,1.6271
"953","CZK",1994,34.189
"954","DKK",1994,7.5581
"955","GBP",1994,0.77597
"956","HUF",1994,121.56
"957","JPY",1994,121.44
"958","MKD",1994,51.8048
"959","NOK",1994,8.3731
"960","NZD",1994,2.0006
"961","PLN",1994,2.6783
"962","SEK",1994,9.2368
"963","TRY",1994,0.0376
"964","USD",1994,1.1835
"965","ZAR",1994,4.2946
"966","AUD",1993,1.7554
"967","CAD",1993,1.5153
"968","CHF",1993,1.7452
"969","CZK",1993,34.436
"970","DKK",1993,7.4912
"971","GBP",1993,0.78389
"972","HUF",1993,106.97
"973","JPY",1993,127.13
"974","NOK",1993,8.2713
"975","NZD",1993,2.1944
"976","PLN",1993,2.0555
"977","SEK",1993,8.8066
"978","TRY",1993,0.0124
"979","USD",1993,1.185
"980","AUD",1992,1.725
"981","CAD",1992,1.5592
"982","CHF",1992,1.8579
"983","DKK",1992,7.8987
"984","GBP",1992,0.7029
"985","HUF",1992,102.28
"986","JPY",1992,165.38
"987","NOK",1992,8.018
"988","NZD",1992,2.4039
"989","PLN",1992,1.785
"990","SEK",1992,7.4044
"991","TRY",1992,0.009
"992","USD",1992,1.3032
"993","AUD",1991,1.5159
"994","CAD",1991,1.317
"995","CHF",1991,1.7629
"996","DKK",1991,7.9163
"997","GBP",1991,0.69893
"998","HUF",1991,88.61
"999","JPY",1991,161.03
"1000","NOK",1991,8.0198
"1001","NZD",1991,1.9965
"1002","PLN",1991,1.3136
"1003","SEK",1991,7.4082
"1004","TRY",1991,0.0049
"1005","USD",1991,1.1513
"1006","AUD",1990,1.5704
"1007","CAD",1990,1.4345
"1008","CHF",1990,1.7425
"1009","DKK",1990,7.8377
"1010","GBP",1990,0.71503
"1011","HUF",1990,79.48
"1012","JPY",1990,188.16
"1013","NOK",1990,7.9129
"1014","NZD",1990,2.0986
"1015","PLN",1990,1.1617
"1016","SEK",1990,7.4454
"1017","TRY",1990,0.0032
"1018","USD",1990,1.2229
"1019","AUD",1989,1.3856
"1020","CAD",1989,1.2545
"1021","CHF",1989,1.7888
"1022","DKK",1989,8.065
"1023","GBP",1989,0.67406
"1024","HUF",1989,65.36
"1025","JPY",1989,150.68
"1026","NOK",1989,7.5179
"1027","NZD",1989,1.8204
"1028","SEK",1989,6.9939
"1029","USD",1989,1.0468
"1030","AUD",1988,1.466
"1031","CAD",1988,1.4425
"1032","CHF",1988,1.7284
"1033","DKK",1988,7.898
"1034","GBP",1988,0.66498
"1035","HUF",1988,57.96
"1036","JPY",1988,150.68
"1037","NOK",1988,7.5529
"1038","NZD",1988,1.6901
"1039","SEK",1988,7.211
"1040","USD",1988,1.1842
"1041","AUD",1987,1.5893
"1042","CAD",1987,1.5271
"1043","CHF",1987,1.72
"1044","DKK",1987,7.8127
"1045","GBP",1987,0.70004
"1046","JPY",1987,164.88
"1047","NOK",1987,7.6506
"1048","NZD",1987,1.9432
"1049","SEK",1987,7.2321
"1050","USD",1987,1.1409
"1051","AUD",1986,1.3951
"1052","CAD",1986,1.3356
"1053","CHF",1986,1.7711
"1054","DKK",1986,7.9634
"1055","GBP",1986,0.63797
"1056","JPY",1986,161.26
"1057","NOK",1986,7.3197
"1058","NZD",1986,1.7615
"1059","SEK",1986,6.9306
"1060","USD",1986,0.9616
"1061","AUD",1985,1.1006
"1062","CAD",1985,1.0023
"1063","CHF",1985,1.8842
"1064","DKK",1985,8.0587
"1065","GBP",1985,0.57227
"1066","JPY",1985,182.42
"1067","NOK",1985,6.4598
"1068","NZD",1985,1.5937
"1069","SEK",1985,6.4876
"1070","USD",1985,0.7329
"1071","AUD",1984,0.9244
"1072","CAD",1984,1.0633
"1073","CHF",1984,1.8617
"1074","DKK",1984,8.1988
"1075","GBP",1984,0.59249
"1076","JPY",1984,190.42
"1077","NOK",1984,6.3771
"1078","NZD",1984,1.2695
"1079","SEK",1984,6.6081
"1080","USD",1984,0.8159
"1081","AUD",1983,1.0171
"1082","CAD",1983,1.0995
"1083","CHF",1983,1.8838
"1084","DKK",1983,8.1412
"1085","GBP",1983,0.57588
"1086","JPY",1983,214.11
"1087","NOK",1983,6.4797
"1088","NZD",1983,1.3579
"1089","SEK",1983,6.8103
"1090","USD",1983,0.8924
"1091","AUD",1982,0.9469
"1092","CAD",1982,1.2448
"1093","CHF",1982,2.0305
"1094","DKK",1982,8.1564
"1095","GBP",1982,0.55643
"1096","JPY",1982,245.54
"1097","NOK",1982,6.0464
"1098","NZD",1982,1.3033
"1099","SEK",1982,5.8855
"1100","USD",1982,0.978
"1101","CAD",1981,1.2831
"1102","CHF",1981,2.2062
"1103","DKK",1981,7.9554
"1104","GBP",1981,0.53928
"1105","JPY",1981,238.7
"1106","NOK",1981,6.2981
"1107","SEK",1981,5.3801
"1108","USD",1981,1.0659
"1109","CAD",1980,1.6386
"1110","CHF",1980,2.324
"1111","DKK",1980,7.8111
"1112","GBP",1980,0.60891
"1113","JPY",1980,310.02
"1114","NOK",1980,6.906
"1115","SEK",1980,5.9287
"1116","USD",1980,1.423
"1117","CAD",1979,1.5674
"1118","CHF",1979,2.2736
"1119","DKK",1979,7.2649
"1120","GBP",1979,0.63356
"1121","JPY",1979,292.66
"1122","NOK",1979,6.8976
"1123","SEK",1979,5.806
"1124","USD",1979,1.3378
"1125","CAD",1978,1.3842
"1126","CHF",1978,2.3259
"1127","DKK",1978,6.9688
"1128","GBP",1978,0.67205
"1129","JPY",1978,264.41
"1130","NOK",1978,6.6716
"1131","SEK",1978,5.6885
"1132","USD",1978,1.2346
"1133","CAD",1977,1.1944
"1134","CHF",1977,2.8106
"1135","DKK",1977,6.8271
"1136","GBP",1977,0.65695
"1137","JPY",1977,308.08
"1138","NOK",1977,5.9694
"1139","SEK",1977,4.9887
"1140","USD",1977,1.1296
"1141","CAD",1976,1.0689
"1142","CHF",1976,2.7117
"1143","DKK",1976,6.7338
"1144","GBP",1976,0.62238
"1145","JPY",1976,328.33
"1146","NOK",1976,6.0911
"1147","SEK",1976,4.8841
"1148","USD",1976,1.0984
"1149","CAD",1975,1.336
"1150","CHF",1975,3.2465
"1151","DKK",1975,7.082
"1152","GBP",1975,0.57084
"1153","JPY",1975,381.54
"1154","NOK",1975,6.3791
"1155","SEK",1975,5.0969
"1156","USD",1975,1.3024
"1157","DKK",1974,7.1939
"1158","GBP",1974,0.50414
"1159","USD",1974,1.2044
"1160","DKK",1973,7.377
"1161","GBP",1973,0.49128
"1162","USD",1973,1.2659
"1163","DKK",1972,7.8702
"1164","GBP",1972,0.43929
"1165","USD",1972,1.1333
"1166","DKK",1971,7.7664
"1167","GBP",1971,0.42846
"1168","USD",1971,1.0366
